article_title_translated,article_desc_text_translated
Warum finde ich bei Android nicht dieselben Funktionen wie bei Apple?,"Die App wird für iOS und Android separat entwickelt. Eine Funktion wird zuerst bei iOS eingespielt und für Android erscheint das Update etwas zeitverzögert. Daher ist es üblich, dass beide Versionen einen unterschiedlichen Funktionsumfang enthalten. I.d.R. beträgt das Zeitfenster nur wenige Tage oder Wochen bis die Funktionen auch für Android-Geräte verfügbar sind. Am besten stellst Du Dein Smartphone auf automatische Updates um, sodass sich die App selbstständig aktualisiert."
Kann ich im Großmarkt einkaufen?,"Als Geschäftskunde kannst Du im METRO Großmarkt einkaufen. Hier findest Du weitere Informationen, wie Du Kunde werden und im Markt einkaufen kannst.  "
Fragen zum Onlineshop,Für alle Fragen rund um den Onlineshop klicke bitte hier.
Wie bestelle ich im M.Shop?,"Um im M.Shop zu bestellen, musst Du für unseren Lieferservice für Gastronomie und Lebensmittelprofis registriert sein.  Wenn Du noch kein Lieferkunde bist, findest Du alle Infos zur Registrierung hier.     Du bist bereits Lieferkunde?  Super! Dann kannst Du direkt im M.Shop einkaufen: Zum M.Shop     Falls Du noch kein digitales Konto hast, kannst Du Dich hier registrieren. Vergiss nicht, Deine bestehende METRO Karte mit Deinem neuen digitalen Profil zu verknüpfen.     Du kannst Deine Bestellung auch ganz bequem über die METRO App aufgeben:  App herunterladen      Produkte suchen: Nutze die Suchleiste oder die Kategorien, um Deine gewünschten Artikel zu finden.  In den Warenkorb legen: Klicke auf das Einkaufswagen-Symbol neben dem Produkt.  Bestellung abschließen: Gehe zum Warenkorb und von dort aus ""zur Kasse"". Folge den Schritten, um deine Bestellung abzusenden.  Bestellung verfolgen: Im Bereich „Meine Bestellungen“ kannst Du den Status Deiner Lieferung jederzeit einsehen."
Wie kann ich mein Passwort zurücksetzen oder ändern?,"Wähle auf der Login-Seite die Option „Passwort vergessen“ – entweder auf der Webseite oder in der App.   Gib Deine E-Mail-Adresse ein und folge den Anweisungen.     Falls das nicht funktioniert, wende Dich direkt an den Eingang Deines METRO Marktes oder wende dich an unser Service Center: Kontakt"
Was ist der Unterschied zwischen Gastro und Klassik Märkten?,"Im Gegensatz zu den METRO Klassik Märkten erwartet Dich in unseren METRO GASTRO Märkten ein fokussiertes Sortiment für die Bereiche Hotellerie, Gastronomie und Catering sowie bestimmte Zielgruppen wie Metzger und Kioske.  Entdecke unser Kernsortiment im Bereich Food mit Produkten, welche speziell auf die Bedürfnisse der verschiedenen Kundengruppen zugeschnitten. Dieses wird ergänzt um Non-Food-Profiartikel für den täglichen Bedarf.  Entdecke außerdem in unseren METRO GASTRO Märkten spezielle Produkte, Services und Angebote für Deinen gewerblichen Verbrauch. Frage einfach in Deinem METRO GASTRO Markt nach den speziellen Services für Deine Zielgruppe.  Weitere Informationen findest Du hier."
Wo finde ich mein Online-Kundenkonto?,Du kannst Dich oben rechts über den Login-Button in Deinem myMETRO Kundenkonto einloggen.
Wie kann ich mein Geschäft digitalisieren?,"Auf unserer zentralen Plattform ""DISH"" findest Du die passenden digitalen Lösungen für Dein Geschäft, um Deine Margen zu erhöhen und Deine digitale Präsenz zu steigern.      Ausführliche Informationen findest Du hier."
Wie kann ich meine E-Mail-Adresse ändern?,"Nachdem Du Dich in myMETRO angemeldet hast, klicke links im Menü auf Dein Profil und danach auf E-Mail-Adresse.  Dort kannst Du Deine E-Mail-Adresse ändern, indem Du die neue E-Mail-Adresse in dem Feld einträgst und danach unterhalb des Feldes auf die Fläche ""Änderung speichern"" klickst."
Wo finde ich die Standorte der METRO Großmärkte?,Die Standorte unserer Großmärkte findest Du bequem über unsere Standort-Suche: www.metro.de/standorte
Welche Liefergebiete gibt es?,Wir liefern national im deutschen Festland.
"Wie kann ich eine andere Person bevollmächtigen, einmalig oder mehrmalig für mein Unternehmen einzukaufen?",Alle Informationen zum Thema einmalige (= Tagesvollmacht / temporäre Vollmacht ) oder dauerhafte Bevollmächtigung (= zusätzliche Kundenkarten) findest Du hier: https://www.metro.de/kunde/einkaufsvollmacht
Kann ich Kunde werden?,"Ja, folgende Möglichkeiten hast Du um bei METRO einzukaufen:       Als Geschäftskunde kannst Du im METRO Markt und im Onlineshop einkaufen   Als Privatkunde kannst Du im METRO Onlineshop einkaufen       Weitere Informationen um Kunde zu werden findest Du hier."
Wie kann ich meine digitale Karte in der App aktivieren?,"Wenn Du bereits eine Plastikkarte besitzt, kannst Du Deine digitale METRO Karte einfach selbst direkt in der App aktivieren. Klicke dazu auf die Schaltfläche „Unternehmen hinzufügen“ und scanne den Barcode Deiner METRO Plastikkarte einfach mit der Kamera des Smartphones ab. Anschließend wirst Du gebeten ein Foto hinzuzufügen. Hierfür kannst Du ein Foto mit Deiner Kamera erstellen oder wähle ein bestehendes Foto aus Deinem Album aus."
Wo finde ich die Rabatt-Coupons und aktuelle Aktionen in der App?,Wähle den Navigationspunkt „Home“ klicke auf „App Coupons“. Dort findest Du Deine Coupons und kannst sie für Deinen nächsten Einkauf aktivieren.
Wo finde ich die Öffnungszeiten der METRO Großmärkte?,Die Öffnungszeiten unserer Großmärkte findest Du bequem über unsere Standort-Suche:  https://www.metro.de/standorte
Wie werde ich Lieferkunde?,Ganz einfach: Fülle das Formular zur Anmeldung für den METRO Lieferservice aus. Unser Team meldet sich bei Dir und begleitet Dich durch den Anmeldeprozess.  Bitte beachte: Der METRO Lieferservice richtet sich ausschließlich an Gastronomie- und Lebensmittelprofis.
Warum kann ich meine Rechnungen nicht durchsuchen und nach Artikeln sortieren?,"Dies ist aktuell leider noch nicht möglich. Wir bemühen uns aber, die App stetig zu verbessern."
Wie werden meine Daten bei METRO Chat verarbeitet?,Alle Informationen zum Datenschutz findest Du hier: Datenschutzhinweise
Welche Services gibt es für Händler?,Als Händlerkunde kannst Du von folgenden Vorteilen profitieren:    Exklusive Händlerprospekte   Händlertage mit exklusiven Angeboten   Exklusive Händleraktionen  Exklusive Händlerpreise   Individuelle Tabakpreisschiene   Mein Lieblingseis-Preisliste   Ausführliche Informationen findest Du hier. 
Wie kann ich meine Standortadresse ändern?,"Du kannst die Adresse Deines Standorts über Dein digitales Profil verwalten. Falls Du noch keines hast, registriere Dich hier und füge Deine METRO Karte hinzu.     Wenn Du bereits ein Profil hast, kannst Du Deine Adressen hier bearbeiten."
"Wie kann ich die Karte aktualisieren, wenn ich eine neue Plastikkarte erhalten habe?","Du kannst die Karte ganz einfach aktualisieren, indem Du die Karte in der App öffnest. Dann machst du einen Pull-to-refresh, indem Du den Finger auf die Karte hältst und nach unten ziehst."
Wie kann ich den METRO Newsletter abonnieren?,Hier kannst Du den METRO Newsletter abonnieren.  
Wie melde ich mich in der METRO App an?,"Um die METRO App im vollen Funktionsumfang nutzen zu können, ist es erforderlich, registrierte Kundin oder Kunde bei METRO zu sein. Ebenfalls benötigst Du einen myMETRO-Account, um Dich einzuloggen. Zum Erstellen eines MyMETRO-Accounts, kannst Du Dich in der App neu registrieren. Alternativ kannst Du Dich unter www.metro.de/mymetro registrieren. Wenn Du bereits einen myMETRO-Account besitzt, kannst Du Dich in der App einfach mit Deinen Zugangsdaten anmelden."
Und wenn ich das METRO-Umsatzziel für die Pentagast-Subvention nicht erreiche?,"Solltest Du das Ziel nicht ganz schaffen, muss die Subvention anteilig oder vollständig zurückgezahlt werden.   Beispiel: Wenn Du nur 40 % des Ziels erreichst, musst Du etwa 60 % der Subvention zurückzahlen."
Kann ich meine deutsche Kundenkarte auch im Ausland benutzen?,"Selbstverständlich kannst Du Deine METRO-Karte auch im Ausland einsetzen. Für Deinen Einkauf steht Dir nahezu jeder METRO- und makro-Markt weltweit zur Verfügung.  Bitte beachte, dass es zur Zeit nur einige wenige Einschränkungen dieser Regelung gibt:  METRO in Serbien darf ausländischen Kunden den Einkauf aus rechtlichen Gründen leider nicht erlauben.  METRO in Frankreich betreibt eine Reihe von Märkten, die sich auf den Bedarf von Kunden aus der Gastronomiebranche konzentrieren - zu diesen Märkten haben nur Kunden Zugang, die eine Tätigkeit in der Gastronomiebranche nachweisen können. Das gilt sowohl für unsere französischen als auch für ausländische Kunden. Falls Du einen Besuch in diesen Ländern planst, bitten wir Dich, dich vorab bei dem jeweiligen Markt nach den geltenden Bestimmungen zu erkundigen.  Bitte lege für Einkäufe in der METRO in Italien, sowie Portugal oder Rumänien, Deine deutsche METRO-Karte sowie Deine europäische Steueridentifikationsnummer vor, dann stellen die Kollegen Dir gerne einen Tagesausweis zum Einkauf aus.   METRO in Italien betreibt jedoch einige wenige Märkte, in denen es nicht möglich ist, als ausländischer Kunde Zutritt zu erhalten. Bitte teile uns bei Bedarf mit, in welchem METRO-Markt Du Deinen Einkauf planst, damit wir dies für Dich prüfen und Dir eine entsprechende Rückmeldung zukommen lassen können. Außerdem ist es bei METRO in Italien aus steuerlichen Gründen schwierig, Alkohol an ausländische Kunden zu verkaufen. Diese können nur für den nachweislich privaten Gebrauch in kleineren Mengen verkauft werden. Die Kunden aus der Gastronomie sowie Wiederverkäufer müssen die steuerlichen Formalitäten für Alkoholeinkauf vorab mit ihrem jeweiligen Hauptzollamt erledigen, denn in diesem Fall benötigen die Kollegen verschiedene behördliche Dokumente. Andere Produkte können jedoch problemlos eingekauft werden."
Kann ich mehrere Firmen mit einem Konto verwalten?,Ja! Du kannst mehrere Unternehmen über ein einziges digitales Konto verwalten.   Nach der Registrierung kannst Du weitere METRO Karten scannen und Deinem Profil hinzufügen – sowohl auf der Webseite als auch in der App.
"METRO Lieferservice versus Onlineshop - alles, was du wissen musst.","Der METRO Lieferservice ist unser Onlineshop für professionelle Kunden, die wir über unseren FSD-Service (Ihr Lieferservice) mit Lebensmitteln beliefern.  Der METRO Onlineshop hingegen richtet sich sowohl an Geschäfts- als auch an Privatkunden. Die bestellten Produkte werden bequem per Paketlieferung direkt zu dir nach Hause oder ins Unternehmen gesendet.     Falls Du noch kein Lieferkunde bist, kannst Du Dich hier registrieren.     Du hast die Möglichkeit, in unserem Onlineshop entweder als Unternehmen oder als Privatkunde einzukaufen. Diese Entscheidung wirkt sich darauf aus, wie deine Rechnungen in deinem Kundenkonto gespeichert und verwaltet werden. (Geschäfts- oder Privatkonto)     Wenn du mehr über unseren Marktplatz erfahren möchtest, findest du weiterführende Informationen im Hilfe-Center unter diesem Link.     Mit unserer METRO App kannst du sowohl auf den METRO Lieferservice als auch auf unseren Onlineshop zugreifen.     Besuche unseren Onlineshop und entdecke unser digitales Angebot hier.     Falls du weitere Fragen hast oder auf ein Problem stößt, findest du hilfreiche Informationen und Unterstützung im Hilfe-Center unter diesem Link."
"Ist es möglich, die Karte in mein Apple Wallet zu importieren?","Nein, eine Übertragung ins Wallet können wir leider nicht anbieten, da wir als Großhändler verpflichtet sind, die Identität beim Einkauf zu überprüfen. Dies können wir nur über unsere eigenen Plattformen sicherstellen und daher leider keine Funktionen für andere Plattformen anbieten. Dies dient auch zu Deiner eigenen Sicherheit und dem Schutz vor Missbrauch Deiner Karte! Bitte nutze daher unsere App am Eingang und an der Kasse."
Wie kann ich meine Firmenadresse ändern?,"Die Sicherheit deiner Kundendaten liegt uns sehr am Herzen. Daher möchten wir dich bitten, die Änderung deiner Kundendaten auf einem dieser Wege durchzuführen:     Bei deinem nächsten Einkauf in einem unserer Großmärkte legt der Zeichnungsberechtigte die Kundenkarte am Eingang vor und nennt seine neuen Kundendaten. Sofern vorhanden ist bitte außerdem eine Gewerbe-Ummeldung, ein aktualisierter Handelsregisterauszug oder ein sonstiges offizielles Dokument bezüglich der Adressänderung als Nachweis vorzulegen. Anschließend benötigen wir nur noch eine Unterschrift und die Änderung ist aktiv.     Alternativ kann uns der Zeichnungsberechtigte ein eingescanntes und unterschriebenes Dokument an kontakt@metro.de senden - bitte auch hier, sofern vorhanden, eine Gewerbe-Ummeldung, einen aktualisierten Handelsregisterauszug oder ein sonstiges offizielles Dokument bezüglich der Adressänderung als Nachweis beifügen. Vergiss dabei bitte nicht, deine Kundennummer und den Änderungswunsch mitzuteilen.     Bei weiteren Fragen hilft Dir unser Service-Center: Kontakt"
Wie kann ich meine Lieferadresse ändern?,Du möchtest Deine Lieferadresse ändern? Dann melde dich bitte bei deinem Kundenmanager oder in deinem Regionalbüro. Alternativ stelle bitte eine Anfrage über unser Kontaktformular. Alles Weitere wird dann im Nachgang zwischen dir und unserem Kundenmanager besprochen.
Was ist Pentagast?,"Pentagast ist ein Zusammenschluss führender Fachhändler für Gastronomiebedarf.   Über uns bekommst Du Zugang zu einer riesigen Auswahl an hochwertigen Geräten und Produkten – alles, was Du für Deinen Betrieb brauchst."
Warum funktioniert der Login in der App nicht?,"Bitte überprüfe, ob Du den richtigen Benutzernamen (alternativ: die richtige E-Mail Adresse) sowie das richtige Passwort eingegeben hast. Falls Du Dich nicht mehr an das Passwort erinnern kannst, nutze bitte die Passwort-Vergessen-Funktion. Falls Du weiterhin Schwierigkeiten mit dem Login hast, sende uns bitte ein Fehlerprotokoll, damit wir Dir schnellstmöglich weiterhelfen können. Hierzu wähle bitte in der App den Menüpunkt ,,Mehr"" und klicke auf ,,Fehler berichten""."
Wie kann ich das Foto freischalten lassen?,"Die Freischaltung für Neukunden oder Kunden mit Kreditfunktion erfolgt am Kundeneingang im Markt. Hier wird ein Foto von Dir verifiziert oder gemacht und gespeichert und auf Deiner digitalen Karte hinterlegt. Zusätzlich wird Dein Ausweis geprüft. Falls Du nicht zu diesen Kundengruppen gehörst, kannst Du ganz einfach selbst ein Foto von Dir in die App laden."
Wie kann ich eine Ersatzkarte beantragen?,Beantrage eine neue Ersatzkarte über unsere Kontaktmöglichkeiten:   Über das Kontaktformular  Per E-Mail: Kontakt@metro.de  Per Telefon: 0211 - 17607090 (Zum Ortstarif - Kosten für Anrufe aus dem Mobilfunknetz können abweichen)
Wie finde ich meinen Markt?,"Du kannst entweder Freitext in den Suchschlitz eintippen oder auf der Karte navigieren, um einen gewünschten Markt in ihrer Nähe zu finden und auszuwählen. "
Wo finde ich meine Rechnungen?,"Du kannst Deine Rechnungen ganz einfach über Dein digitales Profil einsehen: ➡ Zu Deinem Profil     Falls Du noch kein Profil hast, kannst Du Dich hier registrieren und Deine bestehende METRO Karte hinzufügen.     Nach dem Login klickst Du oben rechts auf Deinen Namen und wählst im Menü „Rechnungen“. Dort kannst Du auswählen, ob Du Rechnungen aus dem Marktplatz, aus Lieferungen oder aus dem Markt sehen möchtest.     Du kannst Deine Rechnungen auch über die METRO App abrufen oder per E-Mail erhalten. Um die digitale Zustellung zu aktivieren, gehe in der App auf „Mehr“ → „Einstellungen“ → „Rechnungen & Belege“ und aktiviere die Option."
Wo ist der nächste Markt?,Hier kannst Du Deinen nächsten Markt finden. 
Warum kann ich mich nicht in der App registrieren?,"Bitte überprüfe die eingegebenen Daten auf ihre Richtigkeit. Falls Du weiterhin Schwierigkeiten mit der Registrierung hast, sende uns bitte ein Fehlerprotokoll, damit wir Dir schnellstmöglich weiterhelfen können. Hierzu wähle bitte in der App den Menüpunkt ,,Mehr"" und klicke auf ,,Fehler berichten""."
Welche Einkaufsberechtigungen gibt es?,Folgende Einkaufsberechtigungen kannst Du als METRO Kunde ausstellen:       Dauerhafte digitale Vollmacht   Dauerhafte Papiervollmacht  Temporäre digitale Vollmacht   Einmalige Papiervollmacht       Ausführliche Informationen findest Du hier.
"Wie erhalte ich meine Abschlussrechnung von METRO, wenn die Laufzeit meines Pentagast-Subventionsvertrags beendet ist?","Nach Ablauf der Vertragslaufzeit erhältst Du Deine Abschlussrechnung per E-Mail. Darin siehst Du, ob Du Dein Umsatzziel erreicht hast – und falls nötig, ob eine Rückzahlung fällig ist."
Registrierungslink ist fehlerhaft,"Bitte wende Dich über das Kontaktformular, per Mail oder telefonisch an unseren Kundensupport. Nach Prüfung kann Dir ein neuer Registrierungslink zugeschickt werden. "
Kann ich mehrere METRO Karten in der App hinterlegen?,"Ja, Du kannst alle Deine Unternehmen mit einer digitalen Karte verknüpfen. Gehe dazu zunächst in den Navigationspunkt „Home“ und klicke dort oben links auf das Account-Icon. Nun kannst Du ein „Geschäftskonto hinzufügen“ oder wenn Du bereits mehrere Unternehmen hinzugefügt hast, ein anderes Konto auswählen."
Wie wird mein METRO-Umsatz für die Pentagast-Subvention überprüft?,"Dein Umsatz wird automatisch von METRO überwacht. Dabei wird regelmäßig geprüft, wie viel bereits auf Dein Umsatzziel angerechnet wurde. Diese Infos kannst Du jederzeit beim Kundenmanagement erfragen oder direkt in Deiner METRO-App oder myMETRO unter „Kooperationsverträge“ einsehen. "
Kann ich die digitale Karte für den Kassiervorgang nutzen?,"Ja, an der Kasse wird die digitale Karte ebenso akzeptiert wie die Plastikkarte und verfügt über dieselben Funktionen, wie z.B. auch die Kreditzahlung, falls Du dafür freigeschaltet bist."
Welche Vorteile bietet ein myMETRO Kundenkonto?,Folgende Vorteile bietet Dir Dein myMETRO Kundenkonto:    Geschäftliche und Private Einkäufe in einem Kundenkonto verwalten  Mehrere Unternehmen koordinieren  Rechnungen digital einsehen  Einkaufvollmachten ausstellen  Unkomplizierte Teamorganisation  Überblick über Deine Einkaufshistorie online und im Markt   Weitere Informationen findest Du hier.
Warum sollte ich mich für myMETRO registrieren?,"Du kannst wichtige Informationen jederzeit selber pflegen, sowie Dein Passwort selbst zurücksetzen. Zudem benötigst Du nur noch eine Nutzerkennung für alle METRO Online-Systeme. Darüber hinaus bieten wir Gewerbetreibenden und Gastronomen viele wertvolle Services, die erst nach erfolgter Registrierung und Anmeldung zugänglich sind. "
Wie kann ich mein Passwort ändern?,"Nachdem Du Dich angemeldet hast, klicke oben rechts auf Deinen Namen und dann auf Login & Sicherheit.  Dort kannst Du Dein Passwort ändern. Dazu klicke bitte auf ""Passwort"" und gib dort Dein aktuelles Passwort, sowie in der Zeile darunter Dein neues Passwort ein. Danach bestätige Deine Eingabe bitte mit ""Speichern""."
Welche Services gibt es im METRO Markt?,Folgende Services bieten wir in unseren Märkten für Dich an:    Serviceverpackungen für die Gastronomie   Weinhumidore für den besonderen Geschmack   Bestickservice für individuelle Berufsbekleidung  Individueller Sekt für Deine Gäste   Wunschpasta für besondere Kreationen    Die Services können je nach Markt abweichen.   Ausführliche Informationen findest Du hier.
Warum muss ich ein Foto hinterlegen und freischalten lassen?,"Die digitale Karte bei METRO unterscheidet sich von Plastikkarten anderer Anbieter. Als Großhandels-B2B-Unternehmen sind wir verpflichtet, die Identität zu überprüfen. Dies findet beim Kassenvorgang statt. Für alle Kunden mit Kredit-Funktion muss dieses Bild aus Sicherheitsgründen vorab geprüft und freigeschaltet werden. Es handelt sich dabei auch um eine Sicherheitsmaßnahme, die dazu dient, den Missbrauch der Karte und der hinterlegten Funktionen zu vermeiden und Dich als Kunde zu schützen."
Kann ich auch andere Karten-Apps nutzen wie Sto-Card oder Google Pay?,"Es gibt fremde App-Anbieter, die eine Karten-Upload-Funktion in Deinen Apps anbieten. Diese Karten-Apps sind zwar praktisch, dürfen bei METRO jedoch nicht akzeptiert werden, da in diesen Apps keine Fotoprüfung stattfinden kann. Als Großhändler sind wir verpflichtet, die Identität unserer Kunden mit Lichtbild zu überprüfen. Daher sind nur die METRO App (METRO Companion) sowie die Plastikkarte beim Bezahlvorgang erlaubt."
Kann ich eine einmalige Bestellung liefern lassen?,"Unser Lieferservice ist nicht für Einzelbestellungen gedacht.  Falls Du noch kein Lieferkunde bist, kannst Du Dich hier registrieren."
"Was tue ich, wenn bei der Anmeldung (Login) Schwierigkeiten auftreten?","Bitte überprüfe nochmals Deine Eingaben. Bei Problemen bei der Anmeldung kannst Du gegebenenfalls selbst Dein Passwort zurücksetzen oder Dir Deinen Benutzernamen erneut zusenden lassen.  Sollte die Anmeldung dennoch nicht gelingen, wende Dich über das Kontaktformular, per Mail oder telefonisch an unseren Kundensupport."
Wer darf die App installieren?,"Im Prinzip kann sich jeder die App installieren. Viele Funktionen wie z.B. die digitale Karte sind jedoch für unsere Kunden vorbehalten und erst nutzbar, wenn sie sich mit ihrem myMETRO-Daten eingeloggt haben. Dazu benötigen sie einen Account, den sie sich auch direkt in der App einrichten können."
Welche Möglichkeiten habe ich andere für mich einkaufen zu lassen?,Du hast verschiedene Möglichkeiten Einkaufsvollmachten für Mitarbeiter oder andere Personen auszustellen:    Einmalige Papiervollmacht   Temporäre digitale Vollmacht  Dauerhafte digitale Vollmacht  Dauerhafte Einkaufsberechtigung    Ausführliche Informationen findest Du hier.
Welcher Unterschied besteht zwischen digitaler Karte und Plastikkarte?,Im Prinzip keiner. Die digitale Karte ist eine Kopie der Plastikkarte mit denselben Funktionen.
"Was passiert, wenn ich mein METRO-Umsatzziel für die Pentagast Subvention erreiche?","Super! Wenn Du Dein vereinbartes Umsatzziel vollständig erreichst, ist die Subvention „verdient“ – Du musst nichts zurückzahlen."
"Ich möchte wöchentlich über Angebote informiert werden, kann aber kein METRO Chat empfangen. Gibt es andere Kanäle?","Du kannst alternativ unseren Newsletter abonnieren oder unsere METRO App installieren. Dort wirst Du wöchentlich über neue Angebote, Aktionen und Events informiert. "
Wer ist mein Ansprechpartner bei Fragen zum Thema Pentagast?,Bei Fragen hilft Dir Dein Kundenmanager vor Ort gerne weiter. Du kannst Dich auch jederzeit über unser Kontaktformular melden – wir sind für Dich da!
Wie muss ich meine Kartennummer für die METRO Chat Anmeldung angeben?,Schicke uns einfach ein Foto Deiner Kundenkarte oder einen Screenshot Deiner digitalen Kundenkarte.
Welche Vorteile bringt mir der METRO Chat?,"Durch das Anmelden bei METRO Chat, kannst Du Dich auf die neuen Wochenangebote, spannende Events, tolle Aktionen, sowie Gewinnspiele freuen."
Welche Services gibt es für Gastronomen?,"Für die Gastronomie und die Unternehmen aus der Dienstleistungsbranche dreht sich die Welt immer schneller: Gäste und Kunden werden anspruchsvoller, erwarten immer mehr Qualität und Flexibilität. Mit unserem durchdachten Sortiment, aber auch mit einer Vielzahl an Services wollen wir Dich und Dein Unternehmen unterstützen.    Wochenangebote und Monatsmenü für Gastronomen   Gastro-Tage mit exklusiven Angeboten  Pentagast: Beim gemeinsamen Angebot von METRO Deutschland und PENTAGAST ist der Name Programm: SMART & EASY – hochwertige Küchentechnik, unkompliziert und passgenau für die Gastronomie. Du profitierst als Gastronom von hochwertigen Profi-Küchengeräten zu Top-Konditionen – inklusive Beratung, Lieferung und Service aus einer Hand.  Trotec Luftreiniger: Optimiere jetzt Dein Hygienekonzept! Die hygienische und wirtschaftlich attraktive Lösung für Gastronomen: Als exklusiver Vertriebspartner für die Gastronomie bieten wir in Kooperation mit PENTAGAST und TROTEC mit der professionellen Hochfrequenz-Luftreinigung mehr Schutz für Deinen Gastraum und unterstützen Dich mit allen Kräften, Dein Geschäft erfolgreich anzukurbeln.  Menükarten-Vorlagen: Die Gastronomie lebt von Vielfalt und die findet sich auch in der Speisekarte wieder. Daher bieten wirdie Möglichkeit Menükarten-Vorlagen für verschiedene Restaurant-Typen, diverse Themen und Anlässe herunterzuladen.  Gastro-Coaching by DISH: Unsere erfahrenen Gastro-Berater unterstützen dich bei allen Fragen - von der Existenzgründung, über die Optimierung des laufenden Geschäfts und vieles mehr!  Gastro-Impulse Webinare: Die Gastronomie ist die schönste und vielfältigste Branche, zum einen, weil wir durch fachliche und soziale Kompetenz und herausragender Qualität begeistern können und zum anderen, weil wir den Mensch in den Mittelpunkt unseres Handelns stellen."
Wie kann ich den Newsletter abbestellen?,"Möglichkeit 1  Nachdem Du Dich in myMETRO angemeldet hast, klicke links im Menü auf Newsletter & Marketingerlaubnis. Dort kannst Du den Newsletter abbestellen, indem Du den Haken bei E-Mail herausnimmst. Danach klicke auf Änderung speichern.      Möglichkeit 2  Nutze im Newsletter den Link ""Newsletter Abbestellen"", den Du im unteren Drittel jedes Newsletters findest.     Möglichkeit 3  Melde Dich bei uns: www.metro.de/kontakt"
Gibt es eine ausführliche FAQ Seite nur für DISH Produkte?,"Ja, die gibt es. Klicke auf folgenden Link und du kommst auf die DISH FAQ Seite: https://support.dish.co/de_DE"
Wie kann ich mich wieder vom METRO Chat abmelden?,"Du kannst Dich jederzeit abmelden, indem Du „STOP“ sendest.  "
Welche Prospekte kann ich mir in der App ansehen?,"Alle Prospekte, die für den Markt gültig sind, den Du ausgewählt hast. Du kannst den Markt auch ganz einfach wechseln, falls Du mal woanders einkaufen möchtest. Sichtbar sind die aktuellen Prospekte der aktuellen Woche sowie im Reiter „Demnächst“ die zukünftigen Prospekte.     Warum muss ich einen Markt auswählen? Nicht jedes Prospekt und dessen Angebote sind deutschlandweit gültig. Daher ist eine Marktauswahl erforderlich, sodass Du die Prospekte siehst, die für Deinen Markt gültig sind. Falls Du mal woanders einkaufen möchtest, kannst Du jederzeit den Markt wieder wechseln. Dies hat keine Auswirkungen auf die Kunden- oder Kartendaten, da es sich nur auf die Anzeige der Prospekte und die Verfügbarkeit der Artikel in der App auswirkt."
Wie kann ich meine Bestellung verfolgen?,Du kannst Deine Bestellung ganz einfach im M.Shop unter „Meine Bestellungen“ verfolgen.  Alternativ geht das auch über die METRO App – hier herunterladen.
Wie kann ich meine Mobilfunknummer ändern?,"Nachdem Du Dich angemeldet hast, klicke oben rechts auf Deinen Namen und dann auf ""Dein Profil"".  Dort kannst Du Deine Mobilfunknummer ändern. Danach klicke auf das Feld Änderungen speichern."
Welche Betriebssysteme werden unterstützt?,"Die App wird für iPhones und Android-Systeme entwickelt. Einwandfrei funktioniert die App ab Android 6 und ab iOS 10 für Smartphones mit einer Bildschirmgröße von 4‘‘ bis 5,8‘‘. Die App wird nicht für Tablet-Geräte optimiert."
Wie kann mein Team auch mit einer METRO Karte einkaufen?,"Du kannst Mitarbeitende über Dein digitales Profil hinzufügen und ihnen Berechtigungen erteilen.   Falls Du noch kein Profil hast, registriere Dich hier und füge Deine METRO Karte hinzu.     Wenn Du bereits ein Profil hast, kannst Du Teammitglieder und Berechtigungen hier verwalten."
"Was tue ich, wenn bei der Registrierung Schwierigkeiten auftreten?","Bitte überprüfe nochmals Deine Angaben. Achte dabei auf die korrekte Schreibweise, merke Dir die Groß- und Kleinbuchstaben!  Folgende Zeichen sind beim Passwort erlaubt: A-Z, a-z, 0-9 und @!?_#ACHTUNG: Die E-Mail-Adresse darf nur einmal verwendet werden!  Haben mehrere Einkaufsberechtigte die gleiche E-Mail-Adresse, dann muss der zweite, der sich registriert, eine andere E-Mail-Adresse eingeben! Gleiches gilt auch für den Benutzernamen, mit dem Du Dich registrierst!  Sollte die Registrierung dennoch nicht gelingen, wende Dich bitte über das Kontaktformular, per Mail oder telefonisch an unseren Kundensupport."
Wie kann ich meine Adresse ändern?,"Die Sicherheit Ihrer Kundendaten liegt uns sehr am Herzen! Daher möchten wir Dich bitten, die Änderung Deiner Kundendaten auf einem dieser Wege durchzuführen:     Bei Deinem nächsten Einkauf im Stammhaus (oder gerne auch in jedem anderen METRO oder METRO GASTRO Markt) legt der Zeichnungsberechtigte die Kundenkarte am Eingang vor und nennt seine neuen Kundendaten.  Bitte bring, sofern Du eine Gewerbe-Ummeldung, einen aktualisierten Handelsregisterauszug oder ein sonstiges offizielles Dokument hast, dieses bitte als Nachweis mit. Anschließend benötigen wir nur noch eine Unterschrift und Deine Änderung ist aktiv.     Wünschst Du eine schnelle Änderung Deiner Kundendaten, kann uns der Zeichnungsberechtigte alternativ ein eingescanntes und unterschriebenes Dokument an kontakt@metro.de schicken. Bitte sende uns auch hier, sofern Du eine Gewerbe-Ummeldung hast, einen aktualisierten Handelsregisterauszug oder ein sonstiges offizielles Dokument, dieses bitte als Nachweis mit. Bitte vergiss dabei nicht, Deine Kundennummer und den Änderungswunsch mitzuteilen."
Das Produkt ist beschädigt oder von schlechter Qualität – was kann ich tun?,"Das tut uns leid!   Hast du das Produkt in unserem Onlineshop erworben, melde deine Reklamation bitte unter 0211 91194200 oder [hier]. Wenn du das Produkt in einem unserer Großmärkte erworben hast, rufe uns bitte unter 0211/17607090 an oder sende uns [hier] eine Nachricht mit genauer Problembeschreibung, deiner Rechnung und ggf. Fotos.   Gerne kannst du auch mit dem Produkt (außer Elektro-Großgeräte) direkt in den Großmarkt an den Kundeneingang kommen."
Welche Zahlungsarten werden in METRO Großmärkten akzeptiert?,Detaillierte Informationen zu allen Zahlungsarten findest Du hier: https://www.metro.de/bezahlmoeglichkeiten
Wie sind die Öffnungszeiten?,Die Öffnungszeiten unserer METRO Märkte findest Du hier.
Ich habe ein falsches Produkt erhalten – was jetzt?,"Wenn Du ein online bestelltes Produkt zurückgeben und eine Erstattung erhalten möchtest, findest Du alle Infos in unserer Rückgaberichtlinie.  Falls Du Lieferservicekunde bist, kannst du ein beanstandetes Produkt direkt bei Anlieferung dem Fahrer zurückgeben."
Warum wurde ich von Rufnummer 021117607096 oder 021117607097 angerufen?,"Wir haben versucht, Sie telefonisch zu kontaktieren. Dies hat in der Regel einen der folgenden Gründe:   Es gab einen Produktrückruf zu einem von Ihnen oder einem Ihrer Einkaufsberechtigten erworbenen Artikel.  Die Werbung (oder Newsletter) konnte nicht zugestellt werden und wir wollten Ihre neue Adresse in Erfahrung bringen, um Ihnen unsere gewohnten Angebote zukommen zulassen.  Wir wollten Sie nach Ihrem letzten Einkauf befragen, ob alles in Ordnung war.  Wir hatten ein attraktives Angebot für Sie, das wir Ihnen vorstellen wollten.   Wir versuchen Sie in der Regel mehrfach zu erreichen. Bitte haben Sie ein wenig Geduld, bis einer unserer Mitarbeiter sich erneut bei Ihnen meldet. Wenn Sie bereits jetzt eine Frage haben, können Sie sich jederzeit melden: zum Kontaktformular.  Sollten Sie nicht mehr angerufen oder kontaktiert werden wollen, können Sie uns das gerne im Gespräch mitteilen oder über unser Kontaktformular. Wir kommen Ihrer Bitte selbstverständlich nach. Bitte beachten Sie, dass wir Sie bei einem Produktrückruf dennoch telefonisch kontaktieren müssen, da wir hier unserer gesetzlichen Informationspflicht nachkommen müssen."
Wie viele Begleitpersonen kann ich zum Einkauf mitnehmen?,"Selbstverständlich kannst Du mit Deiner Kundenkarte eine weitere volljährige Begleitperson zum Einkauf mitnehmen. Kinder zählen nicht als Begleitpersonen und können zusätzlich mitgenommen werden. Bitte hab Verständnis dafür, dass Kinderwagen aus Sicherheitsgründen in den Märkten nicht gestattet sind.     Solltest Dich mehr als eine erwachsene Person zum Einkauf begleiten, so ist dies im Ausnahmefall nach Rücksprache mit dem zuständigen Markt möglich. Bitte teile uns dann Deine Kundennummer, den betreffenden Markt, das Einkaufsdatum sowie die Anzahl der Begleitpersonen mit. Melde Dich einfach bei uns: www.metro.de/kontakt     Außerdem ist es möglich, eine Person zum Einkauf zu bevollmächtigen. Dazu benötigt diese Deine Kundenkarte, eine Vollmacht und den eigenen Personalausweis. Einen Vordruck findest Du auf unserer Homepage unter https://www.metro.de/service/vollmacht."
Kann ich als Privatperson bei METRO einkaufen?,"Bei METRO Deutschland handelt es sich um einen Großhandel für den gewerblichen Bedarf. Hier haben wir gesetzliche Vorgaben und Richtlinien einzuhalten. Bitte hab Verständnis, dass nur Kundinnen und Kunden, welche Umsatzsteuer bzw. Gewerbesteuer abführen, in unseren Märkten einkaufen dürfen. Dazu zählen Gewerbetreibende, freiberuflich Tätige, Wiederverkäuferinnen und Wiederverkäufer sowie Großverbraucher. Ebenfalls berechtigt sind Kindergärten, Schulen, eingetragene Vereine und Institutionen.     In unserem Onlineshop „METRO Marktplatz“ (https://www.metro.de/marktplatz) hast Du jedoch bereits heute die Möglichkeit, auch als Privatperson, Einkäufe tätigen.     Wir bitten um Verständnis, dass wir uns als Großhandel an die gesetzlichen Bestimmungen halten müssen und hoffe, dass im derzeitigen Online-Shop einige interessante Artikel für Dich dabei sind."
Welche Services gibt es für die Gastronomie?,Folgende Gastro-Services kannst Du bei METRO erwarten:    Expertenberatung mit unserer Gastro-Hotline  Passgenauer Versicherungsschutz durch den GastroSchutz  Immer auf dem neusten Stand mit unseren Gastro-Impulsen  Exklusive Vorteilspreise für Profiküchengeräte mit Pentagast  Optimales Hygienekonzept mit Trotec Luftreinigern   Erleichterung durch das Ipad-Kassensystem   Menükartenvorlagen für Ihre Gäste   Ausführliche Informationen findest Du hier.
Ich habe kein Gewerbe – kann ich trotzdem bei METRO einkaufen?,"Bei METRO Deutschland handelt es sich um einen Großhandel für den gewerblichen Bedarf. Hier haben wir gesetzliche Vorgaben und Richtlinien einzuhalten.   Wir bitten um Verständnis, dass Gewerbetreibende in unseren Märkten einkaufen dürfen. Dazu zählen Gewerbetreibende, freiberuflich Tätige, Wiederverkäuferinnen und Wiederverkäufer sowie Großverbraucher. Ebenfalls berechtigt sind Kindergärten, Schulen, eingetragene Vereine und Institutionen.     In unserem Onlineshop „METRO Marktplatz“ hast Du jedoch bereits heute die Möglichkeit, auch als Privatperson, Einkäufe zu tätigen. Die bestellten Artikel werden bequem per Paket zu Dir nach Hause geliefert.  Entdecke unser digitales Angebot hier: Zum Marktplatz"
Wie kann ich DISH abonnieren?,"Melde dich bei deinem Kundenmanagement oder fülle das DISH-Kontaktformular aus, damit du direkt kontaktiert wirst: https://www.dish.co/DE/de/reservierungssystem-gastronomie/#SupportRes"
Kann ich online einkaufen?,"Ja, im METRO Onlineshop können sowohl Geschäftskunden, wie auch Privatkunden einkaufen."
Wie kann ich meine Kontaktdaten und Newsletter-Einstellungen ändern?,"Dafür brauchst Du ein digitales Profil.   Falls Du noch keines hast, kannst Du Dich hier registrieren und Deine METRO Karte hinzufügen.     Wenn Du bereits ein Profil hast, kannst Du Deine Daten und Marketing-Einstellungen hier bearbeiten.     Bei Fragen hilft Dir unser Support-Team gerne weiter: Support kontaktieren"
"Was passiert, wenn ich bei Pentagast kein Gerät finde?","Der Subventionsvertrag ist nur gültig, wenn Du Geräte über einen Pentagast-Partner beziehst. Falls Du kein passendes Gerät findest, wird der Vertrag hinfällig. Ein Kauf außerhalb des Pentagast-Sortiments ist leider nicht möglich."
Wie kann ich bei METRO bezahlen?,Folgende Bezahlmöglichkeiten hast Du bei METRO:   Barzahlung  Bank-/Kreditkarte  SEPA Lastschriftverfahren  Tax Free Shopping  METRO top & METRO top duo  METRO cash   Ausführliche Informationen findest Du hier.
Wie kann ich die METRO App herunterladen und installieren?,"Die App ist für Android und iOS entwickelt und im jeweiligen Store unter dem Namen „METRO Companion“ zu finden. Im Prinzip kann sich jeder die App installieren. Viele Funktionen wie z.B. die digitale Kundenkarte sind jedoch für METRO Kundinnen und Kunden vorbehalten. Um die METRO App im vollen Funktionsumfang nutzen zu können, musst Du mit einem myMETRO Konto eingeloggt sein oder Dich über die App neu registrieren."
Was kostet die Lieferung?,"Wenn Du einen Liefervertrag mit METRO hast, sind die Preise auf www.metro.de bereits inklusive Lieferung. Voraussetzung ist ein Mindestbestellwert von 700 € (netto).   Für Bestellungen unter diesem Betrag können zusätzliche Gebühren anfallen.     Für Bestellungen, die im Onlineshop ""METRO Marktplatz"" getätigt wurden:  Wenn Du über den METRO Onlineshop bestellst, können je nach Händler oder Produkt unterschiedliche Versandkosten gelten. Die genauen Informationen findest Du direkt auf der jeweiligen Produktseite. Die Versandkosten werden ausschließlich vom jeweiligen Verkäufer festgelegt."
"Kann ich Artikel scannen, um sie auf die Liste zu setzen?","Ja, über das kleine Barcode-Icon in der Einkaufszettel-Funktion kann ein Barcode eingescannt und alle Artikelinformationen angezeigt werden. Es erscheinen nur Artikel, die im ausgewählten METRO Markt verfügbar sind. Dafür muss das neueste Update der App auf dem Handy installiert sein. "
Wo gilt die METRO Karte?,Deine deutsche METRO Kundenkarte kannst Du in jedem unserer METRO- und METRO-GASTRO-Großmärkte in Deutschland nutzen.     Für den Einsatz im Ausland beachte bitte Kann ich meine deutsche Kundenkarte auch im Ausland benutzen?
"Was tue ich, wenn ich mein Passwort vergessen habe?","Du kannst Dein Passwort selbständig zurücksetzen. Klicke hierfür unterhalb des Anmeldefensters auf das Feld ""Passwort vergessen?"". Danach wird Dir eine E-Mail zugesendet, die erklärt, wie Du Dein Passwort zurücksetzen."
Welche Daten von mir werden in der App verarbeitet oder gespeichert?,Bitte informiere Dich dazu in den allgemeinen Datenschutzbestimmungen unter www.metro.de/unternehmen/datenschutzhinweise. 
Welche METRO Eigenmarken gibt es?,"Entdecke unsere Eigenmarkenvielfalt in bester Qualität:    METRO PROFESSIONAL: für Profis entwickelte Kochutensilien und Küchengeräte sowie Textilien.   METRO Chef: hochwertige Food-Produkte in bedarfsgerechten Packungsgrößen.  METRO Premium: kulinarische Spezialitäten in High-End-Qualität.  aro: vertrauenswürdige Qualität zum günstigsten Preis.  RIOBA: Markenqualität für die Kaffee-, Bar- , sowie die Frühstückswelt.  FineLife: Qualität und Vielfalt zum Kochen, Wiederverkaufen und Genießen.  Tarrington House: alles rund um die Welt des Wohnens.   SIGMA: für Deine professionelle Büroorganisation.   Weitere Informationen findest Du hier. "
Ich habe meine Karte verloren – was jetzt?,Kein Problem! Melde den Verlust bitte telefonisch unter 0211/17607090 oder über unser Support-Formular.   Du kannst unsere Märkte weiterhin mit Deiner digitalen Karte in der METRO App betreten.
"Was mache ich, wenn ich einen Fehler entdeckt habe?","In der App unter dem Menüpunkt „Mehr“ gibt es den Punkt „Fehler berichten“. Beim Klicken öffnet sich das E-Mail-Programm und Du kannst den Fehler beschreiben und direkt an das Entwicklerteam melden, sodass Dir direkt geholfen werden kann. Falls Du den persönlichen Kontakt suchen oder Dein Feedback weiter ausführen möchtest, darfst Du gerne Deine Kontaktdaten hinterlassen, sodass wir Dich zurückrufen können. Alternativ kannst Du Dein Anliegen auch wie gewohnt dem Servicecenter melden unter kontakt@metro.de oder über die 0211-17607090. "
Ich benötige Hilfe oder habe eine Frage zu einem bestehenden DISH Produkt.,Melde dich direkt beim DISH Support:  +49 211 9699920 oder support-deu@dish.co  Telefonisch erreichst du unsere DISH-Experten immer täglich (einschließlich an Wochenenden und an Feiertagen in Deutschland) von 08:00 bis 22:00 Uhr.
Ich bin noch kein METRO Kunde. Kann ich mich trotzdem registrieren?,"Ja, Du kannst Dich über den Button oben rechts registrieren. Du hast die Möglichkeit im Onlineshop einzukaufen oder nach Prüfung Deiner Dokumente auch METRO Großmarkt Kunde zu werden und in Deinem nächstgelegenen Markt einzukaufen. "
Wie finde ich die App im Appstore/Playstore?,Die App ist für Android und iOS entwickelt und im jeweiligen Store unter dem Namen „METRO Companion“ zu finden. Mehr Infos dazu findest du auch auf www.metro.de/app.
Was ist die Pentagast-Subvention?,"Die METRO Subvention mit Pentagast ist ein finanzieller Zuschuss, mit dem du beim Kauf von Gastro-Geräten über einen Pentagast-Partner unterstützt wirst. Im Gegenzug verpflichtest du dich, innerhalb von 12 Monaten einen definierten Mehrumsatz bei METRO zu erzielen."
Kann ich mit der App auch in einem anderen Land einkaufen?,"Die digitale Karte ist nur im jeweiligen Land der Ausstellung gültig, analog zur Plastikkarte. Für die Nutzung in anderen Ländern müsstest Du Dich bitte am Kundeneingang melden, sodass Dir ein extra Ausweis o.ä. erstellt werden kann."
Kann ich von jemandem geworben werden?,"Ja, als Interessent kannst Du von einem bestehenden METRO Kunden geworben werden.  Hier findest Du ausführliche Informationen."
Wie funktioniert die Registrierung für myMETRO?,"Die Registrierung ist ganz einfach so geht´s. Wichtig für Dein Passwort: Achte auf die korrekte Schreibweise, merke Dir die Groß- und Kleinbuchstaben! Folgende Zeichen sind beim Passwort erlaubt: A-Z, a-z, 0-9 und @!?_#"
Wann erhalte ich die neuen Angebote über den METRO Chat?,"Die aktuellen Wochenangebote erhältst Du zum Erscheinungstermin, um Deinen Einkauf bestmöglich planen zu können. Zusätzlich senden wir Dir Produktempfehlungen, spannende Aktionen und Events.  "
Wie melde ich mich bei myMETRO an?,"Gib einfach Deinen Benutzernamen und das Passwort im Anmeldefenster ein. Zum Anmeldefenster gelangst Du, indem Du oben auf der Webseite auf das Feld Login klickst."
Wie kann ich Lieferservice Kunde werden?,"Bist Du Gastronomin / Gastronom oder Großverbraucherin / Großverbraucher und hast einen regelmäßigen Bedarf an Gastro-Produkten, dann nutze unseren Lieferservice inklusive der persönlichen Kundenbetreuung.     Wenn Du den Lieferservice nutzen möchtest, kontaktiere Deinen Kundenmanager in Deinem METRO Markt vor Ort. Er erläutert die Voraussetzungen, führt mit Dir gemeinsam die Registrierung für den METRO Online-Bestellservice durch und unterstützt Dich bei der Erstellung Deines ersten Ordersatzes. Du bist noch kein METRO Kunde? Jetzt hier Kunde werden.  Ausführliche Informationen findest Du hier."
Wie kann ich METRO kontaktieren?,Folgen Möglichkeiten hast Du METRO zu kontaktieren:    Über das Kontaktformular  Per E-Mail: kontakt@metro.de  Per Telefon: 0211 - 17607090 (Zum Ortstarif - Kosten für Anrufe aus dem Mobilfunknetz können abweichen)
Wie kann ich mich über ein DISH Produkt beraten lassen?,"Melde dich bei deinem Kundenmanagement oder fülle das DISH-Kontaktformular aus, damit du direkt kontaktiert wirst: https://www.dish.co/DE/de/reservierungssystem-gastronomie/#SupportRes"
Wie werde ich METRO Kunde?,"Bei der METRO Deutschland können Kundinnen und Kunden für ihren gewerblichen Bedarf einkaufen. Dazu zählen Gewerbetreibende, Freiberufler, Wiederverkäufer und Großverbraucher.     Ebenfalls Kunde werden können Kindergärten, Schulen, eingetragene Vereine, sonstige Institutionen, Messeveranstalter, Aussteller und Schausteller.  Registriere Dich einfach online oder direkt in einem METRO Markt. Alle Infos findest Du hier."
Wie kann ich als Verein Kunde werden?,"Ob eingetragen oder nicht, Vereine sind in der METRO immer gerne gesehen. Nutze jetzt unsere Vorteile und werde METRO Kunde! Weitere Informationen findest Du hier."
"Warum erhalte ich die Nachricht „Karteninhaber existiert nicht“, obwohl ich eine Karte besitze?","Vermutlich hast Du eine falsche Kartennummer eingegeben, bitte überprüfe diese noch einmal. Falls es weiterhin nicht funktioniert, sende bitte ein Fehlerprotokoll direkt an das Entwicklerteam, indem Du in der App im Bereich „Mehr“ auf „Fehler berichten“ gehst."
Wie kann ich mein Lieferdatum ändern?,"Dein Lieferdatum wird bei Vertragsabschluss gemeinsam mit Deinem Kundenmanager festgelegt.   Wenn Du es ändern möchtest, kontaktiere bitte deinen Kundenmanager oder schreibe uns über das Kontaktformular."
Wie hoch kann die Pentagast Subvention sein?,"Die Höhe der Subvention richtet sich nach dem Mehrumsatz, den Du planst. In der Regel liegt der Zuschuss zwischen 1.000 € und 2.500 €. Bei größeren Projekten oder besonderen Vereinbarungen kann er auch höher ausfallen. Die genaue Summe wird individuell in Deinem Vertrag festgelegt."
Wie kann ich mich für METRO Chat anmelden?,"Um Nachrichten zu empfangen, scanne einfach den QR-Code auf metro.de/metro-chat oder klicke auf den Link zur Anmeldung und sende die vorformulierte Nachricht im Chat ab."
Wie bekomme ich meine digitale METRO/Makro Karte?,"Wenn Du bereits METRO Kunde bist, kannst Du ganz einfach eine digitale Version Deiner Karte erstellen. Dafür brauchst Du ein digitales Profil.   Falls Du noch keines hast, kannst Du Dich hier registrieren und Deine bestehende METRO Karte hinzufügen. Noch einfacher geht's mit der METRO App. Melde dich dort an und hinterlege deine Kundenkarte - folge einfach den dort angegebenen Schritten.     Du bist noch kein Kunde? Alle Infos zur Registrierung findest Du hier.     Sobald Du Dein digitales Profil erstellt hast, kannst Du die METRO/Makro App hier herunterladen und Deine digitale Karte direkt in der App abrufen. Achte darauf, dass der Name auf Deiner Karte mit dem Namen in Deinem digitalen Profil übereinstimmt."
Kann ich DISH Produkte auch in meinem METRO Markt kaufen?,"DISH PAY NOW – unser einfaches Kartenzahlungsgerät – ist in jedem METRO Markt verfügbar.   Alle weiteren Produkte kannst du über unsere DISH-Experten erwerben.      Für mehr Infos melde dich bei unserem Kundenmanagement oder fülle das DISH-Kontaktformular aus, damit du direkt kontaktiert wirst: https://www.dish.co/DE/de/reservierungssystem-gastronomie/#SupportRes"
Wie funktioniert die Pentagast Subvention genau?,"Du schließt einen Subventionsvertrag ab, in dem alles Wichtige festgehalten wird: die Höhe der Subvention, die Laufzeit, Dein Basisumsatz und Dein Umsatzziel. Sobald der Vertrag aktiv ist, werden alle relevanten Umsätze automatisch auf Dein Ziel angerechnet."
Wie funktioniert Scan & Go?,"Mit Scan & Go scannst Du Deine Produkte bereits während Deines Einkaufs. Ohne den Einkauf aufs Kassenband zu legen, zahlst Du an einer regulären Kasse via digitaler Kundenkarte oder in ausgewählten Märkten an einer Self-Checkout-Kasse. Mehr über Scan & Go erfährst Du unter https://www.metro.de/service/app/scan-go."
Wo finde ich meine Rechnungen?,"Wenn Du deine Rechnungen überprüfen möchtest, kannst Du dies tun, indem Du hier auf dein digitales Profil zugreifst [https://docs.metro.de]. Wenn Du noch kein digitales Profil hast, kannst Du hier [https://my.metro.de] eines erstellen. Sobald Sie Ihre Anmeldeinformationen eingegeben haben, fügen Sie Ihre vorhandene Karte Ihrem Konto hinzu.  Sobald Du dich mit deinen Anmeldedaten angemeldet hast, kannst Du diese auch finden, indem Du oben rechts auf der Seite auf deinen Namen klickst und im Dropdown-Menü „Rechnungen“ auswählst. Dort solltest Du die Art der Rechnung auswählen können, die Du sehen möchtest: Einkäufe in unserem Onlineshop, aus deinen gelieferten Bestellungen oder aus Einkäufen, die in einem unserer Geschäfte getätigt wurden."
Wie kann ich meine Lieferung bezahlen?,"Du hast folgende Zahlungsmöglichkeiten:  Mit METRO Kredit (individuell), per Lastschrift oder Überweisung.   Bitte beachte, dass die verfügbaren Zahlungsmethoden je nach Vertrag variieren können."
Was ist DISH?,DISH ist eine Tochtergesellschaft der METRO Gruppe und bietet digitale Tools für Gastronomieprofis an. Mehr Infos findest du auf: https://www.dish.co/DE/de/
Warum wurde ich von Rufnummer 021117607096 oder 021117607097 angerufen?,"Wir haben versucht, Dich telefonisch zu kontaktieren. Dies hat in der Regel einen der folgenden Gründe:      Es gab einen Produktrückruf zu einem von Deinem oder einem Deiner Einkaufsberechtigten erworbenen Artikel.  Die Werbung (oder Newsletter) konnte nicht zugestellt werden und wir wollten Deine neue Adresse in Erfahrung bringen, um Dir unsere gewohnten Angebote zukommen zulassen.  Wir wollten Dich nach Ihrem letzten Einkauf befragen, ob alles in Ordnung war.  Wir hatten ein attraktives Angebot für Dich, das wir Dir vorstellen wollten      Wir versuchen Dich in der Regel mehrfach zu erreichen. Bitte habe ein wenig Geduld, bis einer unserer Mitarbeiter sich erneut bei Dir meldet. Wenn Du bereits jetzt eine Frage hast, kannst Du dich jederzeit melden: zum Kontaktformular     Solltest Du nicht mehr angerufen oder kontaktiert werden wollen, kannst Du uns das gerne im Gespräch mitteilen oder über unser Kontaktformular. Wir kommen Deiner Bitte selbstverständlich nach. Bitte beachte, dass wir Dich bei einem Produktrückruf dennoch telefonisch kontaktieren müssen, da wir hier unserer gesetzlichen Informationspflicht nachkommen müssen."
Komme ich mit der digitalen Karte in den Markt?,"Ja, jeder kann mit der digitalen Karte den Markt betreten."
Welche digitalen Produkte bietet DISH an?,Von Kassensystemen über Zahlungslösungen bis hin zu weiteren digitalen Tools umfasst das Portfolio von DISH für jeden Gastronomen etwas. Informiere dich direkt auf der DISH-Webseite über die Produkte: https://www.dish.co/DE/de/
Welche Produkte kann ich über die Pentagast-Subvention kaufen?,"Die Subvention gilt ausschließlich für Geräte, die Du bei einem Pentagast-Partner kaufst."
Warum bekomme ich an der Kasse die Meldung „Kartenversion ist falsch“?,"Bitte aktualisiere Deine digitale Karte indem Du die Karte in der App öffnest und dann einen Pull-to-refresh durchführst. Dazu halte deinen Finger auf die Karte und ziehe ihn dann nach unten. Wenn es weiterhin Schwierigkeiten gibt, wende Dich bitte an unsere Service-Hotline."
Wo finde ich meine Rechnungen?,"Gehe auf den Menüpunkt „Mehr“, dort findest Du im oberen Bereich Deine Rechnungen. Du siehst zunächst eine Übersicht Deiner letzten Rechnungen und kannst diese per Klick auch im Detail noch einmal ansehen."